lol,MS_NUM_BIRTHS,MS_NUM_TEST
2008-01-01,231,212
2008-01-02,334,142
2008-01-03,409,435
2008-01-04,429,578
2008-01-05,278,763
2008-01-06,237,352
2008-01-07,398,245
2008-01-08,441,24
2008-01-09,380,248
2008-01-10,415,678
2008-01-11,386,272
2008-01-12,229,297
2008-01-13,221,367
2008-01-14,413,417
2008-01-15,427,361
2008-01-16,426,392
2008-01-17,395,390
2008-01-18,461,225
2008-01-19,266,251
2008-01-20,213,400
2008-01-21,367,412
2008-01-22,417,408
2008-01-23,361,410
2008-01-24,392,421
2008-01-25,390,201
2008-01-26,225,231
2008-01-27,251,334
2008-01-28,400,409
2008-01-29,412,429
2008-01-30,408,278
2008-01-31,410,237
2008-02-01,421,398
2008-02-02,201,441
2008-02-03,225,380
2008-02-04,354,415
2008-02-05,417,386
2008-02-06,337,229
2008-02-07,364,221
2008-02-08,380,373
2008-02-09,212,236
2008-02-10,214,222
2008-02-11,403,361
2008-02-12,414,445
2008-02-13,397,386
2008-02-14,383,451
2008-02-15,374,441
2008-02-16,221,232
2008-02-17,226,183
2008-02-18,408,236
2008-02-19,412,341
2008-02-20,397,384
2008-02-21,398,401
2008-02-22,385,371
2008-02-23,231,221
2008-02-24,187,217
2008-02-25,390,348
2008-02-26,454,351
2008-02-27,354,351
2008-02-28,431,392
2008-02-29,342,381
2008-03-01,211,222
2008-03-02,216,241
2008-03-03,422,409
2008-03-04,414,452
2008-03-05,381,394
2008-03-06,411,465
2008-03-07,373,410
2008-03-08,220,259
2008-03-09,239,234
2008-03-10,394,384
2008-03-11,407,413
2008-03-12,391,417
2008-03-13,377,428
2008-03-14,373,432
2008-03-15,236,224
2008-03-16,222,246
2008-03-17,361,389
2008-03-18,445,439
2008-03-19,386,400
2008-03-20,451,407
2008-03-21,441,413
2008-03-22,232,245
2008-03-23,183,239
2008-03-24,236,412
2008-03-25,341,467
2008-03-26,384,416
2008-03-27,401,243
2008-03-28,371,279
2008-03-29,221,252
2008-03-30,217,239
2008-03-31,348,431
2008-04-01,351,405
2008-04-02,351,405
2008-04-03,392,433
2008-04-04,381,433
2008-04-05,222,226
2008-04-06,241,232
2008-04-07,409,237
2008-04-08,452,427
2008-04-09,394,430
2008-04-10,465,446
2008-04-11,410,415
2008-04-12,259,241
2008-04-13,234,227
2008-04-14,384,386
2008-04-15,413,399
2008-04-16,417,417
2008-04-17,428,445
2008-04-18,432,402
2008-04-19,224,243
2008-04-20,246,394
2008-04-21,389,409
2008-04-22,439,381
2008-04-23,400,455
2008-04-24,407,448
2008-04-25,413,268
2008-04-26,245,251
2008-04-27,239,270
2008-04-28,412,416
2008-04-29,467,445
2008-04-30,416,424
2008-05-01,243,382
2008-05-02,279,233
2008-05-03,252,239
2008-05-04,239,383
2008-05-05,431,440
2008-05-06,405,392
2008-05-07,405,442
2008-05-08,433,428
2008-05-09,433,233
2008-05-10,226,266
2008-05-11,232,407
2008-05-12,237,416
2008-05-13,427,425
2008-05-14,430,431
2008-05-15,446,410
2008-05-16,415,225
2008-05-17,241,268
2008-05-18,227,417
2008-05-19,386,403
2008-05-20,399,408
2008-05-21,417,420
2008-05-22,445,250
2008-05-23,402,202
2008-05-24,238,247
2008-05-25,237,366
2008-05-26,394,395
2008-05-27,398,419
2008-05-28,377,387
2008-05-29,357,378
2008-05-30,392,229
2008-05-31,232,215
2008-06-01,246,405
2008-06-02,379,404
2008-06-03,431,382
2008-06-04,380,408
2008-06-05,386,389
2008-06-06,372,243
2008-06-07,226,227
2008-06-08,264,374
2008-06-09,399,398
2008-06-10,441,379
2008-06-11,405,403
2008-06-12,417,434
2008-06-13,400,226
2008-06-14,239,223
2008-06-15,224,394
2008-06-16,390,402
2008-06-17,439,392
2008-06-18,393,413
2008-06-19,419,413
2008-06-20,421,239
2008-06-21,229,239
2008-06-22,249,403
2008-06-23,411,418
2008-06-24,437,374
2008-06-25,408,406
2008-06-26,440,420
2008-06-27,412,231
2008-06-28,237,227
2008-06-29,229,368
2008-06-30,392,446
2008-07-01,427,425
2008-07-02,417,363
2008-07-03,416,403
2008-07-04,424,224
2008-07-05,257,243
2008-07-06,243,395
2008-07-07,364,449
2008-07-08,433,424
2008-07-09,382,362
2008-07-10,455,372
2008-07-11,377,224
2008-07-12,213,245
2008-07-13,246,353
2008-07-14,389,389
2008-07-15,421,401
2008-07-16,412,391
2008-07-17,463,418
2008-07-18,447,208
2008-07-19,256,228
2008-07-20,256,373
2008-07-21,280,395
2008-07-22,414,380
2008-07-23,454,406
2008-07-24,460,370
2008-07-25,462,220
2008-07-26,271,221
2008-07-27,240,371
2008-07-28,450,377
2008-07-29,431,366
2008-07-30,414,379
2008-07-31,416,382
2008-08-01,435,231
2008-08-02,231,203
2008-08-03,219,326
2008-08-04,404,381
2008-08-05,415,349
2008-08-06,374,338
2008-08-07,448,366
2008-08-08,448,220
2008-08-09,205,215
2008-08-10,241,359
2008-08-11,398,388
2008-08-12,424,363
2008-08-13,384,384
2008-08-14,434,393
2008-08-15,249,198
2008-08-16,242,214
2008-08-17,238,385
2008-08-18,401,222
2008-08-19,442,380
2008-08-20,415,393
2008-08-21,426,390
2008-08-22,356,227
2008-08-23,222,235
2008-08-24,216,376
2008-08-25,374,400
2008-08-26,405,349
2008-08-27,404,379
2008-08-28,398,386
2008-08-29,340,226
2008-08-30,225,215
2008-08-31,247,363
2008-09-01,394,378
2008-09-02,439,370
2008-09-03,387,398
2008-09-04,405,377
2008-09-05,399,197
2008-09-06,225,220
2008-09-07,240,351
2008-09-08,384,393
2008-09-09,411,331
2008-09-10,405,353
2008-09-11,394,323
2008-09-12,402,212
2008-09-13,214,224
2008-09-14,216,357
2008-09-15,409,380
2008-09-16,418,381
2008-09-17,409,386
2008-09-18,399,399
2008-09-19,443,213
2008-09-20,257,214
2008-09-21,252,307
2008-09-22,419,376
2008-09-23,451,375
2008-09-24,403,443
2008-09-25,399,423
2008-09-26,438,247
2008-09-27,237,208
2008-09-28,242,378
2008-09-29,431,427
2008-09-30,438,319
2008-10-01,416,199
2008-10-02,402,336
2008-10-03,362,218
2008-10-04,228,197
2008-10-05,214,354
2008-10-06,404,365
2008-10-07,429,261
2008-10-08,405,210
2008-10-09,386,354
2008-10-10,381,227
2008-10-11,221,206
2008-10-12,218,389
2008-10-13,407,403
2008-10-14,395,353
2008-10-15,404,370
2008-10-16,375,394
2008-10-17,403,218
2008-10-18,227,240
2008-10-19,206,367
2008-10-20,373,364
2008-10-21,446,377
2008-10-22,401,397
2008-10-23,452,368
2008-10-24,412,239
2008-10-25,238,230
2008-10-26,244,343
2008-10-27,351,405
2008-10-28,421,399
2008-10-29,361,349
2008-10-30,344,358
2008-10-31,369,230
2008-11-01,204,236
2008-11-02,211,407
2008-11-03,387,360
2008-11-04,408,345
2008-11-05,427,363
2008-11-06,413,347
2008-11-07,417,241
2008-11-08,234,223
2008-11-09,234,378
2008-11-10,392,363
2008-11-11,236,408
2008-11-12,412,339
2008-11-13,380,374
2008-11-14,413,232
2008-11-15,214,209
2008-11-16,204,367
2008-11-17,401,384
2008-11-18,392,362
2008-11-19,394,406
2008-11-20,408,417
2008-11-21,391,214
2008-11-22,227,234
2008-11-23,239,334
2008-11-24,405,361
2008-11-25,413,341
2008-11-26,365,330
2008-11-27,374,356
2008-11-28,361,254
2008-11-29,218,224
2008-11-30,225,345
2008-12-01,398,405
2008-12-02,385,319
2008-12-03,347,355
2008-12-04,362,346
2008-12-05,355,225
2008-12-06,225,210
2008-12-07,231,367
2008-12-08,335,395
2008-12-09,366,380
2008-12-10,405,387
2008-12-11,365,397
2008-12-12,368,244
2008-12-13,199,189
2008-12-14,215,361
2008-12-15,419,383
2008-12-16,439,347
2008-12-17,415,392
2008-12-18,419,368
2008-12-19,438,221
2008-12-20,218,209
2008-12-21,231,333
2008-12-22,374,390
2008-12-23,444,360
2008-12-24,289,357
2008-12-25,235,395
2008-12-26,365,208
2008-12-27,230,199
2008-12-28,251,366
2008-12-29,385,399
2008-12-30,378,340
2008-12-31,278,363
2009-01-01,214,324
2009-01-02,322,188
2009-01-03,245,209
2009-01-04,255,409
2009-01-05,407,408
2009-01-06,405,336
2009-01-07,372,388
2009-01-08,399,424
2009-01-09,409,233
2009-01-10,230,219
2009-01-11,208,240
2009-01-12,388,354
2009-01-13,398,338
2009-01-14,389,369
2009-01-15,377,382
2009-01-16,402,210
2009-01-17,251,205
2009-01-18,278,337
2009-01-19,401,378
2009-01-20,452,373
2009-01-21,386,376
2009-01-22,411,361
2009-01-23,426,198
2009-01-24,260,248
2009-01-25,244,359
2009-01-26,423,371
2009-01-27,409,403
2009-01-28,382,359
2009-01-29,359,362
2009-01-30,446,239
2009-01-31,228,274
2009-02-01,211,388
2009-02-02,382,425
2009-02-03,435,371
2009-02-04,382,434
2009-02-05,395,253
2009-02-06,401,227
2009-02-07,227,231
2009-02-08,208,404
2009-02-09,382,413
2009-02-10,426,398
2009-02-11,346,381
2009-02-12,372,396
2009-02-13,338,229
2009-02-14,209,227
2009-02-15,224,416
2009-02-16,394,469
2009-02-17,456,377
2009-02-18,362,222
2009-02-19,405,329
2009-02-20,407,244
2009-02-21,219,230
2009-02-22,216,372
2009-02-23,348,454
2009-02-24,388,369
2009-02-25,352,405
2009-02-26,372,436
2009-02-27,375,247
2009-02-28,241,224
2009-03-01,221,228
2009-03-02,392,399
2009-03-03,443,418
2009-03-04,357,368
2009-03-05,364,386
2009-03-06,424,204
2009-03-07,194,248
2009-03-08,231,374
2009-03-09,407,406
2009-03-10,378,379
2009-03-11,345,378
2009-03-12,377,394
2009-03-13,384,224
2009-03-14,245,217
2009-03-15,219,348
2009-03-16,373,416
2009-03-17,416,379
2009-03-18,378,380
2009-03-19,378,379
2009-03-20,405,239
2009-03-21,203,250
2009-03-22,236,408
2009-03-23,398,413
2009-03-24,405,376
2009-03-25,369,365
2009-03-26,403,358
2009-03-27,377,212
2009-03-28,206,235
2009-03-29,225,381
2009-03-30,455,398
2009-03-31,419,353
2009-04-01,394,381
2009-04-02,424,368
2009-04-03,406,236
2009-04-04,258,240
2009-04-05,224,394
2009-04-06,360,420
2009-04-07,417,403
2009-04-08,419,419
2009-04-09,386,399
2009-04-10,434,235
2009-04-11,229,236
2009-04-12,245,398
2009-04-13,235,406
2009-04-14,361,393
2009-04-15,422,386
2009-04-16,397,392
2009-04-17,404,231
2009-04-18,237,225
2009-04-19,226,371
2009-04-20,367,390
2009-04-21,430,394
2009-04-22,405,399
2009-04-23,409,442
2009-04-24,364,250
2009-04-25,259,214
2009-04-26,246,352
2009-04-27,397,264
2009-04-28,463,427
2009-04-29,395,402
2009-04-30,448,390
2009-05-01,269,236
2009-05-02,243,214
2009-05-03,253,412
2009-05-04,409,405
2009-05-05,395,392
2009-05-06,407,407
2009-05-07,389,370
2009-05-08,393,260
2009-05-09,249,221
2009-05-10,259,398
2009-05-11,443,445
2009-05-12,401,382
2009-05-13,373,416
2009-05-14,415,374
2009-05-15,402,248
2009-05-16,208,243
2009-05-17,217,370
2009-05-18,408,433
2009-05-19,454,405
2009-05-20,390,368
2009-05-21,234,403
2009-05-22,315,219
2009-05-23,225,186
2009-05-24,219,393
2009-05-25,402,411
2009-05-26,425,354
2009-05-27,376,393
2009-05-28,397,399
2009-05-29,383,204
2009-05-30,224,244
2009-05-31,207,371
2009-06-01,238,405
2009-06-02,415,409
2009-06-03,409,397
2009-06-04,402,398
2009-06-05,404,222
2009-06-06,224,227
2009-06-07,271,353
2009-06-08,402,359
2009-06-09,455,359
2009-06-10,407,397
2009-06-11,417,406
2009-06-12,406,231
2009-06-13,236,239
2009-06-14,240,370
2009-06-15,395,418
2009-06-16,390,389
2009-06-17,410,365
2009-06-18,425,423
2009-06-19,394,240
2009-06-20,239,258
2009-06-21,207,386
2009-06-22,390,434
2009-06-23,431,367
2009-06-24,425,400
2009-06-25,379,371
2009-06-26,457,222
2009-06-27,249,245
2009-06-28,211,377
2009-06-29,422,399
2009-06-30,431,369
2009-07-01,411,389
2009-07-02,439,386
2009-07-03,448,225
2009-07-04,231,240
2009-07-05,237,379
2009-07-06,381,404
2009-07-07,398,343
2009-07-08,398,396
2009-07-09,437,404
2009-07-10,435,253
2009-07-11,200,236
2009-07-12,229,400
2009-07-13,414,381
2009-07-14,448,382
2009-07-15,438,372
2009-07-16,443,372
2009-07-17,409,243
2009-07-18,225,234
2009-07-19,258,381
2009-07-20,365,384
2009-07-21,243,345
2009-07-22,434,379
2009-07-23,422,362
2009-07-24,450,228
2009-07-25,237,222
2009-07-26,221,390
2009-07-27,378,369
2009-07-28,416,350
2009-07-29,402,387
2009-07-30,413,398
2009-07-31,418,234
2009-08-01,263,259
2009-08-02,288,352
2009-08-03,440,410
2009-08-04,419,391
2009-08-05,393,417
2009-08-06,393,417
2009-08-07,440,201
2009-08-08,258,218
2009-08-09,238,320
2009-08-10,435,344
2009-08-11,411,317
2009-08-12,377,342
2009-08-13,445,355
2009-08-14,397,196
2009-08-15,259,227
2009-08-16,241,408
2009-08-17,372,447
2009-08-18,425,224
2009-08-19,410,406
2009-08-20,414,363
2009-08-21,380,208
2009-08-22,230,199
2009-08-23,246,375
2009-08-24,383,361
2009-08-25,421,428
2009-08-26,388,383
2009-08-27,406,373
2009-08-28,390,207
2009-08-29,236,226
2009-08-30,253,359
2009-08-31,387,361
2009-09-01,347,341
2009-09-02,382,348
2009-09-03,411,345
2009-09-04,427,232
2009-09-05,232,214
2009-09-06,225,366
2009-09-07,383,402
2009-09-08,415,362
2009-09-09,446,373
2009-09-10,399,331
2009-09-11,433,196
2009-09-12,261,216
2009-09-13,262,352
2009-09-14,409,409
2009-09-15,434,372
2009-09-16,399,380
2009-09-17,429,361
2009-09-18,393,225
2009-09-19,232,218
2009-09-20,261,382
2009-09-21,401,404
2009-09-22,422,369
2009-09-23,409,389
2009-09-24,443,395
2009-09-25,443,232
2009-09-26,244,183
2009-09-27,222,399
2009-09-28,370,445
2009-09-29,465,401
2009-09-30,387,255
2009-10-01,426,215
2009-10-02,410,211
2009-10-03,238,237
2009-10-04,230,363
2009-10-05,364,379
2009-10-06,361,364
2009-10-07,404,305
2009-10-08,388,230
2009-10-09,396,226
2009-10-10,207,243
2009-10-11,239,399
2009-10-12,361,414
2009-10-13,387,405
2009-10-14,381,413
2009-10-15,384,406
2009-10-16,402,209
2009-10-17,231,219
2009-10-18,241,362
2009-10-19,383,435
2009-10-20,398,351
2009-10-21,405,342
2009-10-22,371,368
2009-10-23,383,185
2009-10-24,187,217
2009-10-25,261,376
2009-10-26,404,399
2009-10-27,416,381
2009-10-28,426,388
2009-10-29,401,387
2009-10-30,416,225
2009-10-31,260,171
2009-11-01,217,388
2009-11-02,338,401
2009-11-03,362,369
2009-11-04,383,391
2009-11-05,393,365
2009-11-06,374,226
2009-11-07,235,209
2009-11-08,225,370
2009-11-09,410,396
2009-11-10,404,354
2009-11-11,251,417
2009-11-12,398,378
2009-11-13,425,201
2009-11-14,232,211
2009-11-15,235,346
2009-11-16,388,336
2009-11-17,411,313
2009-11-18,376,371
2009-11-19,380,352
2009-11-20,395,204
2009-11-21,198,218
2009-11-22,231,394
2009-11-23,408,351
2009-11-24,387,363
2009-11-25,363,378
2009-11-26,376,367
2009-11-27,392,212
2009-11-28,226,212
2009-11-29,209,348
2009-11-30,345,404
2009-12-01,388,362
2009-12-02,433,378
2009-12-03,370,401
2009-12-04,403,221
2009-12-05,222,227
2009-12-06,215,359
2009-12-07,364,383
2009-12-08,391,351
2009-12-09,362,347
2009-12-10,346,401
2009-12-11,372,223
2009-12-12,249,214
2009-12-13,234,377
2009-12-14,397,351
2009-12-15,378,368
2009-12-16,406,405
2009-12-17,445,370
2009-12-18,446,206
2009-12-19,228,203
2009-12-20,231,388
2009-12-21,409,382
2009-12-22,427,379
2009-12-23,432,340
2009-12-24,304,383
2009-12-25,228,203
2009-12-26,251,204
2009-12-27,232,363
2009-12-28,341,339
2009-12-29,400,357
2009-12-30,380,394
2009-12-31,281,440
2010-01-01,209,213
2010-01-02,236,201
2010-01-03,281,218
2010-01-04,404,330
2010-01-05,447,371
2010-01-06,401,363
2010-01-07,441,331
2010-01-08,445,227
2010-01-09,214,224
2010-01-10,259,357
2010-01-11,362,359
2010-01-12,442,340
2010-01-13,401,328
2010-01-14,407,374
2010-01-15,425,235
2010-01-16,243,225
2010-01-17,202,354
2010-01-18,415,422
2010-01-19,436,330
2010-01-20,400,400
2010-01-21,403,379
2010-01-22,382,218
2010-01-23,234,233
2010-01-24,229,369
2010-01-25,373,362
2010-01-26,397,365
2010-01-27,371,378
2010-01-28,358,376
2010-01-29,417,204
2010-01-30,246,223
2010-01-31,221,374
2010-02-01,403,407
2010-02-02,428,353
2010-02-03,384,355
2010-02-04,425,383
2010-02-05,402,217
2010-02-06,260,227
2010-02-07,251,396
2010-02-08,412,441
2010-02-09,406,426
2010-02-10,405,214
2010-02-11,415,310
2010-02-12,432,233
2010-02-13,237,241
2010-02-14,228,394
2010-02-15,346,447
2010-02-16,366,396
2010-02-17,364,415
2010-02-18,379,380
2010-02-19,369,217
2010-02-20,233,233
2010-02-21,215,254
2010-02-22,362,401
2010-02-23,420,383
2010-02-24,412,408
2010-02-25,392,374
2010-02-26,425,223
2010-02-27,240,234
2010-02-28,223,370
2010-03-01,428,409
2010-03-02,426,393
2010-03-03,379,376
2010-03-04,424,368
2010-03-05,390,211
2010-03-06,225,200
2010-03-07,226,370
2010-03-08,361,330
2010-03-09,412,365
2010-03-10,414,356
2010-03-11,378,371
2010-03-12,379,212
2010-03-13,231,242
2010-03-14,258,370
2010-03-15,366,384
2010-03-16,425,349
2010-03-17,371,373
2010-03-18,376,410
2010-03-19,400,227
2010-03-20,225,225
2010-03-21,231,357
2010-03-22,379,404
2010-03-23,380,394
2010-03-24,362,403
2010-03-25,402,379
2010-03-26,400,224
2010-03-27,236,241
2010-03-28,203,395
2010-03-29,423,417
2010-03-30,460,395
2010-03-31,466,402
2010-04-01,368,380
2010-04-02,407,231
2010-04-03,237,249
2010-04-04,223,407
2010-04-05,215,423
2010-04-06,402,384
2010-04-07,384,406
2010-04-08,389,408
2010-04-09,406,243
2010-04-10,226,243
2010-04-11,218,394
2010-04-12,356,416
2010-04-13,435,384
2010-04-14,369,400
2010-04-15,384,415
2010-04-16,343,233
2010-04-17,203,218
2010-04-18,178,373
2010-04-19,374,411
2010-04-20,379,388
2010-04-21,392,438
2010-04-22,386,430
2010-04-23,403,239
2010-04-24,250,262
2010-04-25,242,415
2010-04-26,391,429
2010-04-27,402,463
2010-04-28,365,254
2010-04-29,391,373
2010-04-30,421,246
2010-05-01,225,224
2010-05-02,252,382
2010-05-03,410,410
2010-05-04,409,404
2010-05-05,379,388
2010-05-06,395,394
2010-05-07,378,227
2010-05-08,228,233
2010-05-09,210,371
2010-05-10,440,406
2010-05-11,439,389
2010-05-12,407,396
2010-05-13,245,381
2010-05-14,336,227
2010-05-15,221,233
2010-05-16,224,378
2010-05-17,379,347
2010-05-18,431,405
2010-05-19,372,391
2010-05-20,418,386
2010-05-21,407,214
2010-05-22,230,221
2010-05-23,237,224
2010-05-24,246,381
2010-05-25,380,392
2010-05-26,418,380
2010-05-27,438,410
2010-05-28,374,238
2010-05-29,221,216
2010-05-30,237,375
2010-05-31,394,422
2010-06-01,429,368
2010-06-02,414,362
2010-06-03,393,410
2010-06-04,392,213
2010-06-05,224,255
2010-06-06,240,351
2010-06-07,359,379
2010-06-08,419,360
2010-06-09,370,337
2010-06-10,457,401
2010-06-11,418,230
2010-06-12,260,199
2010-06-13,235,373
2010-06-14,390,395
2010-06-15,442,385
2010-06-16,417,397
2010-06-17,395,437
2010-06-18,402,231
2010-06-19,244,219
2010-06-20,220,392
2010-06-21,397,422
2010-06-22,428,390
2010-06-23,425,374
2010-06-24,431,431
2010-06-25,407,246
2010-06-26,240,230
2010-06-27,255,378
2010-06-28,380,412
2010-06-29,420,393
2010-06-30,426,374
2010-07-01,404,390
2010-07-02,407,239
2010-07-03,252,221
2010-07-04,246,383
2010-07-05,396,383
2010-07-06,452,383
2010-07-07,369,395
2010-07-08,444,391
2010-07-09,400,245
2010-07-10,257,246
2010-07-11,232,377
2010-07-12,435,400
2010-07-13,423,389
2010-07-14,413,383
2010-07-15,400,384
2010-07-16,391,253
2010-07-17,215,189
2010-07-18,217,367
2010-07-19,418,396
2010-07-20,442,351
2010-07-21,262,363
2010-07-22,413,414
2010-07-23,448,233
2010-07-24,219,209
2010-07-25,235,340
2010-07-26,428,404
2010-07-27,459,346
2010-07-28,395,369
2010-07-29,414,405
2010-07-30,401,228
2010-07-31,249,188
2010-08-01,247,365
2010-08-02,398,405
2010-08-03,424,361
2010-08-04,438,409
2010-08-05,444,405
2010-08-06,409,212
2010-08-07,273,214
2010-08-08,255,340
2010-08-09,396,229
2010-08-10,443,357
2010-08-11,386,349
2010-08-12,387,333
2010-08-13,390,236
2010-08-14,238,220
2010-08-15,245,400
2010-08-16,399,375
2010-08-17,434,382
2010-08-18,428,365
2010-08-19,427,220
2010-08-20,390,208
2010-08-21,238,224
2010-08-22,259,370
2010-08-23,387,406
2010-08-24,419,336
2010-08-25,391,363
2010-08-26,410,365
2010-08-27,428,227
2010-08-28,237,215
2010-08-29,231,356
2010-08-30,418,359
2010-08-31,394,347
2010-09-01,314,336
2010-09-02,408,357
2010-09-03,415,213
2010-09-04,211,241
2010-09-05,243,345
2010-09-06,406,338
2010-09-07,444,324
2010-09-08,399,386
2010-09-09,448,350
2010-09-10,457,200
2010-09-11,222,203
2010-09-12,231,338
2010-09-13,400,359
2010-09-14,458,365
2010-09-15,432,362
2010-09-16,448,380
2010-09-17,392,194
2010-09-18,253,191
2010-09-19,235,377
2010-09-20,407,376
2010-09-21,448,343
2010-09-22,426,345
2010-09-23,436,387
2010-09-24,432,219
2010-09-25,273,226
2010-09-26,267,434
2010-09-27,381,424
2010-09-28,469,402
2010-09-29,410,395
2010-09-30,401,383
2010-10-01,411,213
2010-10-02,215,217
2010-10-03,233,310
2010-10-04,391,385
2010-10-05,474,336
2010-10-06,484,306
2010-10-07,409,338
2010-10-08,376,220
2010-10-09,227,402
2010-10-10,280,238
2010-10-11,393,237
2010-10-12,442,394
2010-10-13,405,398
2010-10-14,434,377
2010-10-15,399,357
2010-10-16,227,392
2010-10-17,206,232
2010-10-18,407,246
2010-10-19,420,379
2010-10-20,403,431
2010-10-21,409,380
2010-10-22,399,386
2010-10-23,245,372
2010-10-24,217,226
2010-10-25,412,264
2010-10-26,426,399
2010-10-27,427,441
2010-10-28,455,405
2010-10-29,483,417
2010-10-30,231,400
2010-10-31,235,239
2010-11-01,233,224
2010-11-02,384,390
2010-11-03,423,439
2010-11-04,411,393
2010-11-05,404,419
2010-11-06,220,421
2010-11-07,255,229
2010-11-08,447,249
2010-11-09,477,411
2010-11-10,457,437
2010-11-11,269,408
2010-11-12,377,440
2010-11-13,228,412
2010-11-14,238,237
2010-11-15,395,229
2010-11-16,439,392
2010-11-17,379,427
2010-11-18,409,417
2010-11-19,413,416
2010-11-20,238,424
2010-11-21,219,257
2010-11-22,406,243
2010-11-23,416,364
2010-11-24,397,433
2010-11-25,376,382
2010-11-26,385,455
2010-11-27,228,377
2010-11-28,254,213
2010-11-29,365,246
2010-11-30,400,389
2010-12-01,390,421
2010-12-02,405,412
2010-12-03,381,463
2010-12-04,243,447
2010-12-05,211,256
2010-12-06,366,256
2010-12-07,378,280
2010-12-08,414,414
2010-12-09,400,454
2010-12-10,389,460
2010-12-11,238,462
2010-12-12,251,271
2010-12-13,353,240
2010-12-14,445,450
2010-12-15,429,431
2010-12-16,431,414
2010-12-17,447,416
2010-12-18,239,435
2010-12-19,240,231
2010-12-20,440,219
2010-12-21,430,404
2010-12-22,420,415
2010-12-23,409,374
2010-12-24,288,448
2010-12-25,210,448
2010-12-26,216,205
2010-12-27,393,241
2010-12-28,368,398
2010-12-29,392,424
2010-12-30,394,384
2010-12-31,262,434
2011-01-01,210,249
2011-01-02,233,242
2011-01-03,377,238
2011-01-04,383,401
2011-01-05,422,442
2011-01-06,394,415
2011-01-07,398,426
2011-01-08,250,356
2011-01-09,240,222
2011-01-10,374,216
2011-01-11,407,374
2011-01-12,411,405
2011-01-13,382,404
2011-01-14,389,398
2011-01-15,244,340
2011-01-16,238,225
2011-01-17,386,247
2011-01-18,411,394
2011-01-19,392,439
2011-01-20,402,387
2011-01-21,423,405
2011-01-22,253,399
2011-01-23,229,225
2011-01-24,382,240
2011-01-25,419,384
2011-01-26,411,411
2011-01-27,371,405
2011-01-28,380,394
2011-01-29,225,402
2011-01-30,253,214
2011-01-31,379,216
2011-02-01,381,409
2011-02-02,389,418
2011-02-03,404,409
2011-02-04,402,399
2011-02-05,237,443
2011-02-06,252,257
2011-02-07,373,252
2011-02-08,412,419
2011-02-09,379,451
2011-02-10,392,403
2011-02-11,402,399
2011-02-12,223,438
2011-02-13,243,237
2011-02-14,359,242
2011-02-15,389,431
2011-02-16,375,438
2011-02-17,374,416
2011-02-18,437,402
2011-02-19,203,362
2011-02-20,246,228
2011-02-21,390,214
2011-02-22,409,404
2011-02-23,366,429
2011-02-24,386,405
2011-02-25,374,386
2011-02-26,222,381
2011-02-27,264,221
2011-02-28,377,218
2011-03-01,412,407
2011-03-02,402,395
2011-03-03,427,404
2011-03-04,398,375
2011-03-05,211,403
2011-03-06,206,227
2011-03-07,363,206
2011-03-08,340,373
2011-03-09,337,446
2011-03-10,382,401
2011-03-11,365,452
2011-03-12,222,412
2011-03-13,258,238
2011-03-14,355,244
2011-03-15,389,351
2011-03-16,397,421
2011-03-17,431,361
2011-03-18,388,344
2011-03-19,226,369
2011-03-20,243,204
2011-03-21,372,211
2011-03-22,420,387
2011-03-23,384,408
2011-03-24,372,427
2011-03-25,369,413
2011-03-26,222,417
2011-03-27,224,234
2011-03-28,381,234
2011-03-29,373,392
2011-03-30,402,236
2011-03-31,374,412
2011-04-01,357,380
2011-04-02,249,413
2011-04-03,242,214
2011-04-04,380,204
2011-04-05,402,401
2011-04-06,416,392
2011-04-07,392,394
2011-04-08,402,408
2011-04-09,244,391
2011-04-10,220,227
2011-04-11,376,239
2011-04-12,402,405
2011-04-13,351,413
2011-04-14,417,365
2011-04-15,413,374
2011-04-16,245,361
2011-04-17,215,218
2011-04-18,349,225
2011-04-19,409,398
2011-04-20,383,385
2011-04-21,369,347
2011-04-22,375,362
2011-04-23,266,355
2011-04-24,256,225
2011-04-25,222,231
2011-04-26,387,335
2011-04-27,400,366
2011-04-28,396,405
2011-04-29,417,365
2011-04-30,224,368
2011-05-01,249,199
2011-05-02,399,215
2011-05-03,405,419
2011-05-04,406,439
2011-05-05,414,415
2011-05-06,398,419
2011-05-07,231,438
2011-05-08,242,218
2011-05-09,389,231
2011-05-10,426,374
2011-05-11,377,444
2011-05-12,378,289
2011-05-13,441,235
2011-05-14,215,365
2011-05-15,236,230
2011-05-16,398,251
2011-05-17,420,385
2011-05-18,413,378
2011-05-19,437,278
2011-05-20,390,214
2011-05-21,239,322
2011-05-22,253,245
2011-05-23,395,255
2011-05-24,411,407
2011-05-25,374,405
2011-05-26,428,372
2011-05-27,377,399
2011-05-28,217,409
2011-05-29,231,230
2011-05-30,395,208
2011-05-31,469,388
2011-06-01,440,398
2011-06-02,234,389
2011-06-03,352,377
2011-06-04,263,402
2011-06-05,241,251
2011-06-06,426,278
2011-06-07,419,401
2011-06-08,414,452
2011-06-09,367,386
2011-06-10,458,411
2011-06-11,251,426
2011-06-12,233,260
2011-06-13,283,244
2011-06-14,426,423
2011-06-15,400,409
2011-06-16,449,382
2011-06-17,424,359
2011-06-18,224,446
2011-06-19,243,228
2011-06-20,424,211
2011-06-21,439,382
2011-06-22,379,435
2011-06-23,425,382
2011-06-24,411,395
2011-06-25,255,401
2011-06-26,257,227
2011-06-27,435,208
2011-06-28,460,382
2011-06-29,425,426
2011-06-30,382,346
2011-07-01,419,372
2011-07-02,246,338
2011-07-03,245,209
2011-07-04,419,224
2011-07-05,437,394
2011-07-06,398,456
2011-07-07,395,362
2011-07-08,425,405
2011-07-09,264,407
2011-07-10,234,219
2011-07-11,376,216
2011-07-12,440,348
2011-07-13,393,388
2011-07-14,423,352
2011-07-15,426,372
2011-07-16,261,375
2011-07-17,266,241
2011-07-18,449,221
2011-07-19,444,392
2011-07-20,431,443
2011-07-21,262,357
2011-07-22,398,364
2011-07-23,250,424
2011-07-24,256,194
2011-07-25,429,231
2011-07-26,446,407
2011-07-27,416,378
2011-07-28,443,345
2011-07-29,401,377
2011-07-30,242,384
2011-07-31,239,245
2011-08-01,405,219
2011-08-02,415,373
2011-08-03,447,416
2011-08-04,411,378
2011-08-05,423,378
2011-08-06,249,405
2011-08-07,244,203
2011-08-08,404,236
2011-08-09,411,398
2011-08-10,407,405
2011-08-11,457,369
2011-08-12,466,403
2011-08-13,255,377
2011-08-14,230,206
2011-08-15,255,225
2011-08-16,422,455
2011-08-17,411,419
2011-08-18,434,394
2011-08-19,442,424
2011-08-20,263,406
2011-08-21,233,258
2011-08-22,387,224
2011-08-23,402,360
2011-08-24,397,417
2011-08-25,430,419
2011-08-26,391,386
2011-08-27,237,434
2011-08-28,244,229
2011-08-29,374,245
2011-08-30,398,235
2011-08-31,394,361
2011-09-01,344,422
2011-09-02,405,397
2011-09-03,236,404
2011-09-04,245,237
2011-09-05,385,226
2011-09-06,438,367
2011-09-07,378,430
2011-09-08,419,405
2011-09-09,424,409
2011-09-10,238,364
2011-09-11,252,259
2011-09-12,433,246
2011-09-13,405,397
2011-09-14,392,463
2011-09-15,418,395
2011-09-16,433,448
2011-09-17,240,269
2011-09-18,226,243
2011-09-19,430,253
2011-09-20,460,409
2011-09-21,429,395
2011-09-22,409,407
2011-09-23,421,389
2011-09-24,238,393
2011-09-25,211,249
2011-09-26,430,259
2011-09-27,409,443
2011-09-28,370,401
2011-09-29,410,373
2011-09-30,429,415
2011-10-01,242,402
2011-10-02,246,208
2011-10-03,415,217
2011-10-04,430,408
2011-10-05,390,454
2011-10-06,405,390
2011-10-07,356,234
2011-10-08,247,315
2011-10-09,229,225
2011-10-10,411,219
2011-10-11,407,402
2011-10-12,376,425
2011-10-13,413,376
2011-10-14,386,397
2011-10-15,207,383
2011-10-16,231,224
2011-10-17,390,207
2011-10-18,420,238
2011-10-19,374,415
2011-10-20,385,409
2011-10-21,391,402
2011-10-22,203,404
2011-10-23,219,224
2011-10-24,443,271
2011-10-25,416,402
2011-10-26,416,455
2011-10-27,425,407
2011-10-28,443,417
2011-10-29,233,406
2011-10-30,216,236
2011-10-31,353,240
2011-11-01,237,395
2011-11-02,375,390
2011-11-03,343,410
2011-11-04,362,425
2011-11-05,237,394
2011-11-06,214,239
2011-11-07,370,207
2011-11-08,450,390
2011-11-09,389,431
2011-11-10,396,425
2011-11-11,230,379
2011-11-12,210,457
2011-11-13,232,249
2011-11-14,426,211
2011-11-15,382,422
2011-11-16,394,431
2011-11-17,398,411
2011-11-18,387,439
2011-11-19,200,448
2011-11-20,220,231
2011-11-21,372,237
2011-11-22,392,381
2011-11-23,382,398
2011-11-24,369,398
2011-11-25,365,437
2011-11-26,243,435
2011-11-27,236,200
2011-11-28,400,229
2011-11-29,393,414
2011-11-30,369,448
2011-12-01,409,438
2011-12-02,404,443
2011-12-03,203,409
2011-12-04,226,225
2011-12-05,420,258
2011-12-06,311,365
2011-12-07,389,243
2011-12-08,378,434
2011-12-09,370,422
2011-12-10,238,450
2011-12-11,241,237
2011-12-12,385,221
2011-12-13,397,378
2011-12-14,361,416
2011-12-15,377,402
2011-12-16,415,413
2011-12-17,236,418
2011-12-18,251,263
2011-12-19,411,288
2011-12-20,394,440
2011-12-21,380,419
2011-12-22,444,393
2011-12-23,378,393
2011-12-24,208,440
2011-12-25,230,258
2011-12-26,312,238
2011-12-27,369,435
2011-12-28,350,411
2011-12-29,374,377
2011-12-30,359,445
2011-12-31,235,397
2012-01-01,215,259
2012-01-02,346,241
2012-01-03,387,372
2012-01-04,393,425
2012-01-05,379,410
2012-01-06,383,414
2012-01-07,244,380
2012-01-08,243,230
2012-01-09,399,246
2012-01-10,397,383
2012-01-11,374,421
2012-01-12,387,388
2012-01-13,391,406
2012-01-14,229,390
2012-01-15,240,236
2012-01-16,406,253
2012-01-17,401,387
2012-01-18,376,347
2012-01-19,400,382
2012-01-20,393,411
2012-01-21,252,427
2012-01-22,231,232
2012-01-23,375,225
2012-01-24,379,383
2012-01-25,361,415
2012-01-26,359,446
2012-01-27,369,399
2012-01-28,240,433
2012-01-29,236,261
2012-01-30,366,262
2012-01-31,375,409
2012-02-01,361,434
2012-02-02,391,399
2012-02-03,374,429
2012-02-04,231,393
2012-02-05,219,232
2012-02-06,374,261
2012-02-07,399,401
2012-02-08,373,422
2012-02-09,413,409
2012-02-10,389,443
2012-02-11,229,443
2012-02-12,213,244
2012-02-13,372,222
2012-02-14,415,370
2012-02-15,393,465
2012-02-16,413,387
2012-02-17,436,426
2012-02-18,236,410
2012-02-19,217,238
2012-02-20,380,230
2012-02-21,357,364
2012-02-22,382,361
2012-02-23,368,404
2012-02-24,389,388
2012-02-25,247,396
2012-02-26,252,207
2012-02-27,400,239
2012-02-28,429,361
2012-02-29,312,387
2012-03-01,382,381
2012-03-02,401,384
2012-03-03,235,402
2012-03-04,253,231
2012-03-05,373,241
2012-03-06,407,383
2012-03-07,398,398
2012-03-08,425,405
2012-03-09,411,371
2012-03-10,229,383
2012-03-11,239,187
2012-03-12,373,261
2012-03-13,385,404
2012-03-14,411,416
2012-03-15,399,426
2012-03-16,388,401
2012-03-17,253,416
2012-03-18,190,260
2012-03-19,386,217
2012-03-20,420,338
2012-03-21,410,362
2012-03-22,379,383
2012-03-23,358,393
2012-03-24,248,374
2012-03-25,214,235
2012-03-26,399,225
2012-03-27,404,410
2012-03-28,393,404
2012-03-29,390,251
2012-03-30,468,398
2012-03-31,229,425
2012-04-01,228,232
2012-04-02,363,235
2012-04-03,400,388
2012-04-04,385,411
2012-04-05,421,376
2012-04-06,395,380
2012-04-07,218,395
2012-04-08,246,198
2012-04-09,250,231
2012-04-10,396,408
2012-04-11,433,387
2012-04-12,436,363
2012-04-13,381,376
2012-04-14,234,392
2012-04-15,214,226
2012-04-16,381,209
2012-04-17,411,345
2012-04-18,425,388
2012-04-19,420,433
2012-04-20,440,370
2012-04-21,222,403
2012-04-22,228,222
2012-04-23,394,215
2012-04-24,414,364
2012-04-25,392,391
2012-04-26,417,362
2012-04-27,443,346
2012-04-28,257,372
2012-04-29,226,249
2012-04-30,363,234
2012-05-01,261,397
2012-05-02,388,378
2012-05-03,430,406
2012-05-04,437,445
2012-05-05,251,446
2012-05-06,235,228
2012-05-07,432,231
2012-05-08,412,409
2012-05-09,381,427
2012-05-10,416,432
2012-05-11,439,304
2012-05-12,235,228
2012-05-13,223,251
2012-05-14,390,232
2012-05-15,453,341
2012-05-16,443,400
2012-05-17,234,380
2012-05-18,331,281
2012-05-19,227,209
2012-05-20,226,236
2012-05-21,385,281
2012-05-22,409,404
2012-05-23,402,447
2012-05-24,385,401
2012-05-25,411,441
2012-05-26,254,445
2012-05-27,230,214
2012-05-28,283,259
2012-05-29,419,362
2012-05-30,407,442
2012-05-31,407,401
2012-06-01,411,407
2012-06-02,224,425
2012-06-03,248,243
2012-06-04,397,202
2012-06-05,420,415
2012-06-06,427,436
2012-06-07,394,400
2012-06-08,395,403
2012-06-09,252,382
2012-06-10,234,234
2012-06-11,404,229
2012-06-12,429,373
2012-06-13,381,397
2012-06-14,378,371
2012-06-15,355,358
2012-06-16,231,417
2012-06-17,226,246
2012-06-18,403,221
2012-06-19,401,403
2012-06-20,399,428
2012-06-21,392,384
2012-06-22,434,425
2012-06-23,240,402
2012-06-24,219,260
2012-06-25,420,251
2012-06-26,436,412
2012-06-27,408,406
2012-06-28,439,405
2012-06-29,436,415
2012-06-30,233,432
2012-07-01,230,237
2012-07-02,383,228
2012-07-03,426,346
2012-07-04,411,366
2012-07-05,423,364
2012-07-06,436,379
2012-07-07,237,369
2012-07-08,230,233
2012-07-09,365,215
2012-07-10,408,362
2012-07-11,440,420
2012-07-12,398,412
2012-07-13,387,392
2012-07-14,208,425
2012-07-15,221,240
2012-07-16,365,223
2012-07-17,412,428
2012-07-18,408,426
2012-07-19,401,379
2012-07-20,385,424
2012-07-21,238,390
2012-07-22,250,225
2012-07-23,362,226
2012-07-24,442,361
2012-07-25,384,412
2012-07-26,447,414
2012-07-27,397,378
2012-07-28,263,379
2012-07-29,249,231
2012-07-30,404,258
2012-07-31,402,366
2012-08-01,394,425
2012-08-02,421,371
2012-08-03,393,376
2012-08-04,236,400
2012-08-05,239,225
2012-08-06,419,231
2012-08-07,387,379
2012-08-08,382,380
2012-08-09,364,362
2012-08-10,429,402
2012-08-11,249,400
2012-08-12,255,236
2012-08-13,424,203
2012-08-14,466,423
2012-08-15,276,460
2012-08-16,429,466
2012-08-17,422,368
2012-08-18,257,407
2012-08-19,253,237
2012-08-20,387,223
2012-08-21,415,215
2012-08-22,382,402
2012-08-23,346,384
2012-08-24,424,389
2012-08-25,236,406
2012-08-26,212,226
2012-08-27,361,218
2012-08-28,408,356
2012-08-29,411,435
2012-08-30,368,369
2012-08-31,373,384
2012-09-01,210,343
2012-09-02,236,203
2012-09-03,353,178
2012-09-04,476,374
2012-09-05,414,379
2012-09-06,409,392
2012-09-07,441,386
2012-09-08,245,403
2012-09-09,253,250
2012-09-10,402,242
2012-09-11,398,391
2012-09-12,387,402
2012-09-13,392,365
2012-09-14,437,391
2012-09-15,270,421
2012-09-16,208,225
2012-09-17,421,252
2012-09-18,446,410
2012-09-19,400,409
2012-09-20,398,379
2012-09-21,406,395
2012-09-22,244,378
2012-09-23,228,228
2012-09-24,405,210
2012-09-25,431,440
2012-09-26,423,439
2012-09-27,369,407
2012-09-28,393,245
2012-09-29,238,336
2012-09-30,245,221
2012-10-01,422,224
2012-10-02,429,379
2012-10-03,382,431
2012-10-04,384,372
2012-10-05,391,418
2012-10-06,251,407
2012-10-07,208,230
2012-10-08,354,237
2012-10-09,401,246
2012-10-10,413,380
2012-10-11,400,418
2012-10-12,390,438
2012-10-13,209,374
2012-10-14,229,221
2012-10-15,399,237
2012-10-16,431,394
2012-10-17,373,429
2012-10-18,401,414
2012-10-19,362,393
2012-10-20,230,392
2012-10-21,238,224
2012-10-22,413,240
2012-10-23,407,359
2012-10-24,401,419
2012-10-25,347,370
2012-10-26,428,457
2012-10-27,224,418
2012-10-28,224,260
2012-10-29,385,235
2012-10-30,406,390
2012-10-31,383,442
2012-11-01,234,417
2012-11-02,310,395
2012-11-03,236,402
2012-11-04,238,244
2012-11-05,395,220
2012-11-06,426,397
2012-11-07,413,428
2012-11-08,392,425
2012-11-09,392,431
2012-11-10,220,407
2012-11-11,232,240
2012-11-12,375,255
2012-11-13,404,380
2012-11-14,391,420
2012-11-15,350,426
2012-11-16,396,404
2012-11-17,225,407
2012-11-18,217,252
2012-11-19,396,246
2012-11-20,367,396
2012-11-21,393,452
2012-11-22,366,369
2012-11-23,375,444
2012-11-24,225,400
2012-11-25,229,257
2012-11-26,363,232
2012-11-27,383,435
2012-11-28,359,423
2012-11-29,342,413
2012-11-30,360,400
2012-12-01,218,391
2012-12-02,215,215
2012-12-03,378,217
2012-12-04,388,418
2012-12-05,366,442
2012-12-06,347,262
2012-12-07,378,413
2012-12-08,236,448
2012-12-09,212,219
2012-12-10,372,235
2012-12-11,396,428
2012-12-12,423,459
2012-12-13,366,395
2012-12-14,402,414
2012-12-15,227,401
2012-12-16,231,249
2012-12-17,399,247
2012-12-18,441,398
2012-12-19,430,424
2012-12-20,430,438
2012-12-21,435,444
2012-12-22,243,409
2012-12-23,220,273
2012-12-24,257,255
2012-12-25,216,396
2012-12-26,382,443
2012-12-27,390,386
2012-12-28,398,387
2012-12-29,251,390
2012-12-30,240,238
2012-12-31,304,245
2013-01-01,264,399
2013-01-02,366,434
2013-01-03,402,428
2013-01-04,401,427
2013-01-05,228,390
2013-01-06,240,238
2013-01-07,405,259
2013-01-08,386,387
2013-01-09,371,419
2013-01-10,356,391
2013-01-11,402,410
2013-01-12,233,428
2013-01-13,242,237
2013-01-14,370,231
2013-01-15,426,418
2013-01-16,383,394
2013-01-17,374,314
2013-01-18,419,408
2013-01-19,221,415
2013-01-20,241,211
2013-01-21,408,243
2013-01-22,391,406
2013-01-23,376,444
2013-01-24,369,399
2013-01-25,380,448
2013-01-26,230,457
2013-01-27,236,222
2013-01-28,367,231
2013-01-29,354,400
2013-01-30,415,458
2013-01-31,392,432
2013-02-01,378,448
2013-02-02,231,392
2013-02-03,244,253
2013-02-04,389,235
2013-02-05,391,407
2013-02-06,427,448
2013-02-07,410,426
2013-02-08,460,436
2013-02-09,202,432
2013-02-10,211,273
2013-02-11,363,267
2013-02-12,362,381
2013-02-13,355,469
2013-02-14,374,410
2013-02-15,336,401
2013-02-16,229,411
2013-02-17,214,215
2013-02-18,361,233
2013-02-19,413,391
2013-02-20,401,474
2013-02-21,382,484
2013-02-22,402,409
2013-02-23,223,376
2013-02-24,248,227
2013-02-25,360,280
2013-02-26,397,393
2013-02-27,347,442
2013-02-28,374,405
2013-03-01,395,434
2013-03-02,207,399
2013-03-03,225,227
2013-03-04,376,206
2013-03-05,404,407
2013-03-06,389,420
2013-03-07,381,403
2013-03-08,380,409
2013-03-09,235,399
2013-03-10,224,245
2013-03-11,373,217
2013-03-12,392,412
2013-03-13,345,426
2013-03-14,351,427
2013-03-15,358,455
2013-03-16,221,483
2013-03-17,226,231
2013-03-18,380,235
2013-03-19,390,233
2013-03-20,337,384
2013-03-21,418,423
2013-03-22,373,411
2013-03-23,227,404
2013-03-24,222,220
2013-03-25,398,255
2013-03-26,433,447
2013-03-27,410,477
2013-03-28,406,457
2013-03-29,416,269
2013-03-30,217,377
2013-03-31,228,228
2013-04-01,214,238
2013-04-02,378,395
2013-04-03,400,439
2013-04-04,427,379
2013-04-05,364,409
2013-04-06,240,413
2013-04-07,210,238
2013-04-08,361,219
2013-04-09,394,406
2013-04-10,355,416
2013-04-11,375,397
2013-04-12,370,376
2013-04-13,237,385
2013-04-14,210,228
2013-04-15,380,254
2013-04-16,398,365
2013-04-17,379,400
2013-04-18,366,390
2013-04-19,355,405
2013-04-20,222,381
2013-04-21,242,243
2013-04-22,359,211
2013-04-23,397,366
2013-04-24,391,378
2013-04-25,386,414
2013-04-26,394,400
2013-04-27,254,389
2013-04-28,220,238
2013-04-29,389,251
2013-04-30,443,353
2013-05-01,242,445
2013-05-02,404,429
2013-05-03,444,431
2013-05-04,242,447
2013-05-05,232,239
2013-05-06,439,240
2013-05-07,438,440
2013-05-08,400,430
2013-05-09,234,420
2013-05-10,372,409
2013-05-11,242,288
2013-05-12,212,210
2013-05-13,417,216
2013-05-14,440,393
2013-05-15,414,368
2013-05-16,390,392
2013-05-17,421,394
2013-05-18,240,262
2013-05-19,211,210
2013-05-20,238,233
2013-05-21,406,377
2013-05-22,397,383
2013-05-23,367,422
2013-05-24,386,394
2013-05-25,191,398
2013-05-26,222,250
2013-05-27,399,240
2013-05-28,398,374
2013-05-29,374,407
2013-05-30,405,411
2013-05-31,374,382
2013-06-01,215,389
2013-06-02,219,244
2013-06-03,411,238
2013-06-04,379,386
2013-06-05,377,411
2013-06-06,384,392
2013-06-07,391,402
2013-06-08,212,423
2013-06-09,234,253
2013-06-10,392,229
2013-06-11,429,382
2013-06-12,425,419
2013-06-13,393,411
2013-06-14,399,371
2013-06-15,223,380
2013-06-16,241,225
2013-06-17,415,253
2013-06-18,448,379
2013-06-19,430,381
2013-06-20,391,389
2013-06-21,397,404
2013-06-22,255,402
2013-06-23,234,237
2013-06-24,385,252
2013-06-25,438,373
2013-06-26,421,412
2013-06-27,402,379
2013-06-28,387,392
2013-06-29,235,402
2013-06-30,239,223
2013-07-01,393,243
2013-07-02,368,359
2013-07-03,425,389
2013-07-04,406,375
2013-07-05,424,374
2013-07-06,219,437
2013-07-07,260,203
2013-07-08,411,246
2013-07-09,422,390
2013-07-10,425,409
2013-07-11,398,366
2013-07-12,389,386
2013-07-13,229,374
2013-07-14,233,222
2013-07-15,411,264
2013-07-16,443,377
2013-07-17,398,412
2013-07-18,403,402
2013-07-19,439,427
2013-07-20,215,398
2013-07-21,237,211
2013-07-22,385,206
2013-07-23,461,363
2013-07-24,387,340
2013-07-25,415,337
2013-07-26,422,382
2013-07-27,274,365
2013-07-28,251,222
2013-07-29,373,258
2013-07-30,413,355
2013-07-31,425,389
2013-08-01,409,397
2013-08-02,405,431
2013-08-03,247,388
2013-08-04,197,226
2013-08-05,387,243
2013-08-06,410,372
2013-08-07,402,420
2013-08-08,420,384
2013-08-09,413,372
2013-08-10,224,369
2013-08-11,229,222
2013-08-12,438,224
2013-08-13,426,381
2013-08-14,419,373
2013-08-15,252,402
2013-08-16,370,374
2013-08-17,256,357
2013-08-18,217,249
2013-08-19,385,242
2013-08-20,428,380
2013-08-21,388,402
2013-08-22,390,416
2013-08-23,408,392
2013-08-24,244,402
2013-08-25,242,244
2013-08-26,427,220
2013-08-27,446,376
2013-08-28,406,402
2013-08-29,409,351
2013-08-30,388,417
2013-08-31,220,413
2013-09-01,219,245
2013-09-02,339,215
2013-09-03,420,349
2013-09-04,368,409
2013-09-05,414,383
2013-09-06,448,369
2013-09-07,238,375
2013-09-08,204,266
2013-09-09,408,256
2013-09-10,425,222
2013-09-11,396,387
2013-09-12,416,400
2013-09-13,357,396
2013-09-14,260,417
2013-09-15,265,224
2013-09-16,416,249
2013-09-17,412,399
2013-09-18,439,405
2013-09-19,373,406
2013-09-20,447,414
2013-09-21,244,398
2013-09-22,238,231
2013-09-23,379,242
2013-09-24,431,389
2013-09-25,377,426
2013-09-26,429,377
2013-09-27,375,378
2013-09-28,225,441
2013-09-29,220,215
2013-09-30,379,236
2013-10-01,403,398
2013-10-02,405,420
2013-10-03,382,413
2013-10-04,410,437
2013-10-05,205,390
2013-10-06,199,239
2013-10-07,345,253
2013-10-08,419,395
2013-10-09,386,411
2013-10-10,379,374
2013-10-11,368,428
2013-10-12,208,377
2013-10-13,210,217
2013-10-14,356,231
2013-10-15,400,395
2013-10-16,360,469
2013-10-17,393,440
2013-10-18,353,234
2013-10-19,201,352
2013-10-20,211,263
2013-10-21,387,241
2013-10-22,403,426
2013-10-23,359,419
2013-10-24,389,414
2013-10-25,407,367
2013-10-26,216,458
2013-10-27,212,251
2013-10-28,317,233
2013-10-29,385,283
2013-10-30,379,426
2013-10-31,412,400
2013-11-01,222,449
2013-11-02,217,424
2013-11-03,228,224
2013-11-04,397,243
2013-11-05,400,424
2013-11-06,414,439
2013-11-07,428,379
2013-11-08,403,425
2013-11-09,220,411
2013-11-10,199,255
2013-11-11,225,257
2013-11-12,366,435
2013-11-13,412,460
2013-11-14,396,425
2013-11-15,391,382
2013-11-16,233,419
2013-11-17,237,246
2013-11-18,350,245
2013-11-19,435,419
2013-11-20,366,437
2013-11-21,346,398
2013-11-22,370,395
2013-11-23,207,425
2013-11-24,234,264
2013-11-25,358,234
2013-11-26,379,376
2013-11-27,341,440
2013-11-28,360,393
2013-11-29,366,423
2013-11-30,253,426
2013-12-01,222,261
2013-12-02,379,266
2013-12-03,359,449
2013-12-04,383,444
2013-12-05,384,431
2013-12-06,367,262
2013-12-07,227,398
2013-12-08,204,250
2013-12-09,361,256
2013-12-10,406,429
2013-12-11,394,446
2013-12-12,331,416
2013-12-13,332,443
2013-12-14,250,401
2013-12-15,206,242
2013-12-16,390,239
2013-12-17,427,405
2013-12-18,430,415
2013-12-19,421,447
2013-12-20,454,411
2013-12-21,203,423
2013-12-22,209,249
2013-12-23,401,244
2013-12-24,319,404
2013-12-25,221,411
2013-12-26,367,407
2013-12-27,432,457
2013-12-28,242,466
2013-12-29,227,255
2013-12-30,377,230
2013-12-31,337,255
2014-01-01,235,422
2014-01-02,403,411
2014-01-03,407,434
2014-01-04,235,442
2014-01-05,221,263
2014-01-06,386,233
2014-01-07,403,387
2014-01-08,360,402
2014-01-09,345,397
2014-01-10,408,430
2014-01-11,232,391
2014-01-12,251,237
2014-01-13,359,244
2014-01-14,436,374
2014-01-15,387,398
2014-01-16,405,394
2014-01-17,381,344
2014-01-18,239,405
2014-01-19,227,236
2014-01-20,407,245
2014-01-21,420,385
2014-01-22,370,438
2014-01-23,385,378
2014-01-24,423,419
2014-01-25,214,424
2014-01-26,237,238
2014-01-27,387,252
2014-01-28,408,433
2014-01-29,405,405
2014-01-30,401,392
2014-01-31,409,418
2014-02-01,231,433
2014-02-02,255,240
2014-02-03,349,226
2014-02-04,401,430
2014-02-05,417,460
2014-02-06,417,429
2014-02-07,397,409
2014-02-08,227,421
2014-02-09,229,238
2014-02-10,358,211
2014-02-11,401,430
2014-02-12,392,409
2014-02-13,392,370
2014-02-14,430,410
2014-02-15,258,429
2014-02-16,234,242
2014-02-17,397,246
2014-02-18,394,415
2014-02-19,351,430
2014-02-20,399,390
2014-02-21,374,405
2014-02-22,219,356
2014-02-23,207,247
2014-02-24,375,229
2014-02-25,396,411
2014-02-26,400,407
2014-02-27,382,376
2014-02-28,400,413
2014-03-01,198,386
2014-03-02,209,207
2014-03-03,332,231
2014-03-04,346,390
2014-03-05,348,420
2014-03-06,355,374
2014-03-07,361,385
2014-03-08,234,391
2014-03-09,206,203
2014-03-10,386,219
2014-03-11,417,443
2014-03-12,408,416
2014-03-13,384,416
2014-03-14,386,425
2014-03-15,243,443
2014-03-16,233,233
2014-03-17,391,216
2014-03-18,374,353
2014-03-19,368,237
2014-03-20,387,375
2014-03-21,387,343
2014-03-22,231,362
2014-03-23,243,237
2014-03-24,399,214
2014-03-25,394,370
2014-03-26,395,450
2014-03-27,387,389
2014-03-28,395,396
2014-03-29,220,230
2014-03-30,202,210
2014-03-31,374,232
2014-04-01,415,426
2014-04-02,381,382
2014-04-03,417,394
2014-04-04,421,398
2014-04-05,222,387
2014-04-06,217,200
2014-04-07,370,220
2014-04-08,363,372
2014-04-09,361,392
2014-04-10,387,382
2014-04-11,358,369
2014-04-12,206,365
2014-04-13,241,243
2014-04-14,370,236
2014-04-15,376,400
2014-04-16,357,393
2014-04-17,362,369
2014-04-18,370,409
2014-04-19,221,404
2014-04-20,217,203
2014-04-21,244,226
2014-04-22,414,420
2014-04-23,383,311
2014-04-24,414,389
2014-04-25,401,378
2014-04-26,233,370
2014-04-27,202,238
2014-04-28,430,241
2014-04-29,379,385
2014-04-30,374,397
2014-05-01,221,361
2014-05-02,374,377
2014-05-03,208,415
2014-05-04,204,236
2014-05-05,416,251
2014-05-06,412,411
2014-05-07,418,394
2014-05-08,384,380
2014-05-09,412,444
2014-05-10,248,378
2014-05-11,230,208
2014-05-12,367,230
2014-05-13,412,312
2014-05-14,390,369
2014-05-15,386,350
2014-05-16,377,374
2014-05-17,222,359
2014-05-18,206,235
2014-05-19,376,215
2014-05-20,379,346
2014-05-21,382,387
2014-05-22,420,393
2014-05-23,414,379
2014-05-24,210,383
2014-05-25,229,244
2014-05-26,376,243
2014-05-27,472,399
2014-05-28,458,397
2014-05-29,220,374
2014-05-30,338,387
2014-05-31,216,391
2014-06-01,243,229
2014-06-02,438,240
2014-06-03,439,406
2014-06-04,415,401
2014-06-05,420,376
2014-06-06,432,400
2014-06-07,261,393
2014-06-08,266,252
2014-06-09,249,231
2014-06-10,409,375
2014-06-11,442,379
2014-06-12,417,361
2014-06-13,357,359
2014-06-14,232,369
2014-06-15,226,240
2014-06-16,385,236
2014-06-17,419,366
2014-06-18,382,375
2014-06-19,370,361
2014-06-20,387,391
2014-06-21,241,374
2014-06-22,245,231
2014-06-23,393,219
2014-06-24,417,374
2014-06-25,393,399
2014-06-26,435,373
2014-06-27,389,413
2014-06-28,247,389
2014-06-29,260,229
2014-06-30,396,213
2014-07-01,413,372
2014-07-02,387,415
2014-07-03,417,393
2014-07-04,436,413
2014-07-05,236,436
2014-07-06,253,236
2014-07-07,412,217
2014-07-08,388,380
2014-07-09,402,357
2014-07-10,384,382
2014-07-11,397,368
2014-07-12,200,389
2014-07-13,243,247
2014-07-14,394,252
2014-07-15,409,400
2014-07-16,381,429
2014-07-17,455,312
2014-07-18,448,382
2014-07-19,268,401
2014-07-20,251,235
2014-07-21,270,253
2014-07-22,416,373
2014-07-23,445,407
2014-07-24,424,398
2014-07-25,382,425
2014-07-26,233,411
2014-07-27,239,229
2014-07-28,383,239
2014-07-29,440,373
2014-07-30,392,385
2014-07-31,442,411
2014-08-01,428,399
2014-08-02,233,388
2014-08-03,266,253
2014-08-04,407,190
2014-08-05,416,386
2014-08-06,425,420
2014-08-07,431,410
2014-08-08,410,379
2014-08-09,225,358
2014-08-10,268,248
2014-08-11,417,214
2014-08-12,403,399
2014-08-13,408,404
2014-08-14,420,393
2014-08-15,250,390
2014-08-16,202,468
2014-08-17,247,229
2014-08-18,366,228
2014-08-19,395,363
2014-08-20,419,400
2014-08-21,387,385
2014-08-22,378,421
2014-08-23,229,395
2014-08-24,215,218
2014-08-25,405,246
2014-08-26,404,250
2014-08-27,382,396
2014-08-28,408,433
2014-08-29,389,436
2014-08-30,243,381
2014-08-31,227,234
2014-09-01,374,214
2014-09-02,398,381
2014-09-03,379,411
2014-09-04,403,425
2014-09-05,434,420
2014-09-06,226,440
2014-09-07,223,222
2014-09-08,394,228
2014-09-09,402,394
2014-09-10,392,414
2014-09-11,413,392
2014-09-12,413,417
2014-09-13,239,443
2014-09-14,239,257
2014-09-15,403,226
2014-09-16,418,363
2014-09-17,374,261
2014-09-18,406,388
2014-09-19,420,430
2014-09-20,231,437
2014-09-21,227,251
2014-09-22,368,235
2014-09-23,446,432
2014-09-24,425,412
2014-09-25,363,381
2014-09-26,403,416
2014-09-27,224,439
2014-09-28,243,235
2014-09-29,395,223
2014-09-30,449,390
2014-10-01,424,453
2014-10-02,362,443
2014-10-03,372,234
2014-10-04,224,331
2014-10-05,245,227
2014-10-06,353,226
2014-10-07,389,385
2014-10-08,401,409
2014-10-09,391,402
2014-10-10,418,385
2014-10-11,208,411
2014-10-12,228,254
2014-10-13,373,230
2014-10-14,395,283
2014-10-15,380,419
2014-10-16,406,407
2014-10-17,370,407
2014-10-18,220,411
2014-10-19,221,224
2014-10-20,371,248
2014-10-21,377,397
2014-10-22,366,420
2014-10-23,379,427
2014-10-24,382,394
2014-10-25,231,395
2014-10-26,203,252
2014-10-27,326,234
2014-10-28,381,404
2014-10-29,349,429
2014-10-30,338,381
2014-10-31,366,378
2014-11-01,220,355
2014-11-02,215,231
2014-11-03,359,226
2014-11-04,388,403
2014-11-05,363,401
2014-11-06,384,399
2014-11-07,393,392
2014-11-08,198,434
2014-11-09,214,240
2014-11-10,385,219
2014-11-11,222,420
2014-11-12,380,436
2014-11-13,393,408
2014-11-14,390,439
2014-11-15,227,436
2014-11-16,235,233
2014-11-17,376,230
2014-11-18,400,383
2014-11-19,349,426
2014-11-20,379,411
2014-11-21,386,423
2014-11-22,226,436
2014-11-23,215,237
2014-11-24,363,230
2014-11-25,378,365
2014-11-26,370,408
2014-11-27,398,440
2014-11-28,377,398
2014-11-29,197,387
2014-11-30,220,208
2014-12-01,351,221
2014-12-02,393,365
2014-12-03,331,412
2014-12-04,353,408
2014-12-05,323,401
2014-12-06,212,385
2014-12-07,224,238
2014-12-08,357,250
2014-12-09,380,362
2014-12-10,381,442
2014-12-11,386,384
2014-12-12,399,447
2014-12-13,213,397
2014-12-14,214,263
2014-12-15,307,249
2014-12-16,376,404
2014-12-17,375,402
2014-12-18,443,394
2014-12-19,423,421
2014-12-20,247,393
2014-12-21,208,236
2014-12-22,378,239
2014-12-23,427,419
2014-12-24,319,387
2014-12-25,199,382
2014-12-26,336,364
2014-12-27,218,429
2014-12-28,197,249
2014-12-29,354,255
2014-12-30,365,424
2014-12-31,261,466
2015-01-01,210,276
2015-01-02,354,429
2015-01-03,227,422
2015-01-04,206,257
2015-01-05,389,253
2015-01-06,403,387
2015-01-07,353,415
2015-01-08,370,382
2015-01-09,394,346
2015-01-10,218,424
2015-01-11,240,236
2015-01-12,367,212
2015-01-13,364,361
2015-01-14,377,408
2015-01-15,397,411
2015-01-16,368,368
2015-01-17,239,373
2015-01-18,230,210
2015-01-19,343,236
2015-01-20,405,353
2015-01-21,399,476
2015-01-22,349,414
2015-01-23,358,409
2015-01-24,230,441
2015-01-25,236,245
2015-01-26,407,253
2015-01-27,360,402
2015-01-28,345,398
2015-01-29,363,387
2015-01-30,347,392
2015-01-31,241,437
2015-02-01,223,270
2015-02-02,378,208
2015-02-03,363,421
2015-02-04,408,446
2015-02-05,339,400
2015-02-06,374,398
2015-02-07,232,406
2015-02-08,209,244
2015-02-09,367,228
2015-02-10,384,405
2015-02-11,362,431
2015-02-12,406,423
2015-02-13,417,369
2015-02-14,214,393
2015-02-15,234,238
2015-02-16,334,245
2015-02-17,361,422
2015-02-18,341,429
2015-02-19,330,382
2015-02-20,356,384
2015-02-21,254,391
2015-02-22,224,251
2015-02-23,345,208
2015-02-24,405,354
2015-02-25,319,401
2015-02-26,355,413
2015-02-27,346,400
2015-02-28,225,390
2015-03-01,210,209
2015-03-02,367,229
2015-03-03,395,399
2015-03-04,380,431
2015-03-05,387,373
2015-03-06,397,401
2015-03-07,244,362
2015-03-08,189,230
2015-03-09,361,238
2015-03-10,383,413
2015-03-11,347,407
2015-03-12,392,401
2015-03-13,368,347
2015-03-14,221,428
2015-03-15,209,224
2015-03-16,333,224
2015-03-17,390,385
2015-03-18,360,406
2015-03-19,357,383
2015-03-20,395,234
2015-03-21,208,310
2015-03-22,199,236
2015-03-23,366,238
2015-03-24,399,395
2015-03-25,340,426
2015-03-26,363,413
2015-03-27,324,392
2015-03-28,188,392
2015-03-29,209,220
2015-03-30,409,232
2015-03-31,408,375
2015-04-01,336,404
2015-04-02,388,391
2015-04-03,424,350
2015-04-04,233,396
2015-04-05,219,225
2015-04-06,240,217
2015-04-07,354,396
2015-04-08,338,367
2015-04-09,369,393
2015-04-10,382,366
2015-04-11,210,375
2015-04-12,205,225
2015-04-13,337,229
2015-04-14,378,363
2015-04-15,373,383
2015-04-16,376,359
2015-04-17,361,342
2015-04-18,198,360
2015-04-19,248,218
2015-04-20,359,215
2015-04-21,371,378
2015-04-22,403,388
2015-04-23,359,366
2015-04-24,362,347
2015-04-25,239,378
2015-04-26,274,236
2015-04-27,388,212
2015-04-28,425,372
2015-04-29,371,396
2015-04-30,434,423
2015-05-01,253,366
2015-05-02,227,402
2015-05-03,231,227
2015-05-04,404,231
2015-05-05,413,399
2015-05-06,398,441
2015-05-07,381,430
2015-05-08,396,430
2015-05-09,229,435
2015-05-10,227,243
2015-05-11,416,220
2015-05-12,469,257
2015-05-13,377,216
2015-05-14,222,382
2015-05-15,329,390
2015-05-16,244,398
2015-05-17,230,251
2015-05-18,372,240
2015-05-19,454,304
2015-05-20,369,264
2015-05-21,405,366
2015-05-22,436,402
2015-05-23,247,401
2015-05-24,224,228
2015-05-25,228,240
2015-05-26,399,405
2015-05-27,418,386
2015-05-28,368,371
2015-05-29,386,356
2015-05-30,204,402
2015-05-31,248,233
2015-06-01,374,242
2015-06-02,406,370
2015-06-03,379,426
2015-06-04,378,383
2015-06-05,394,374
2015-06-06,224,419
2015-06-07,217,221
2015-06-08,348,241
2015-06-09,416,408
2015-06-10,379,391
2015-06-11,380,376
2015-06-12,379,369
2015-06-13,239,380
2015-06-14,250,230
2015-06-15,408,236
2015-06-16,413,367
2015-06-17,376,354
2015-06-18,365,415
2015-06-19,358,392
2015-06-20,212,378
2015-06-21,235,231
2015-06-22,381,244
2015-06-23,398,389
2015-06-24,353,391
2015-06-25,381,427
2015-06-26,368,410
2015-06-27,236,460
2015-06-28,240,202
2015-06-29,394,211
2015-06-30,420,363
2015-07-01,403,362
2015-07-02,419,355
2015-07-03,399,374
2015-07-04,235,336
2015-07-05,236,229
2015-07-06,398,214
2015-07-07,406,361
2015-07-08,393,413
2015-07-09,386,401
2015-07-10,392,382
2015-07-11,231,402
2015-07-12,225,223
2015-07-13,371,248
2015-07-14,390,360
2015-07-15,394,397
2015-07-16,399,347
2015-07-17,442,374
2015-07-18,250,395
2015-07-19,214,207
2015-07-20,352,225
2015-07-21,264,376
2015-07-22,427,404
2015-07-23,402,389
2015-07-24,390,381
2015-07-25,236,380
2015-07-26,214,235
2015-07-27,412,224
2015-07-28,405,373
2015-07-29,392,392
2015-07-30,407,345
2015-07-31,370,351
2015-08-01,260,358
2015-08-02,221,221
2015-08-03,398,226
2015-08-04,445,380
2015-08-05,382,390
2015-08-06,416,337
2015-08-07,374,418
2015-08-08,248,373
2015-08-09,243,227
2015-08-10,370,222
2015-08-11,433,398
2015-08-12,405,433
2015-08-13,368,410
2015-08-14,403,406
2015-08-15,219,416
2015-08-16,186,217
2015-08-17,393,228
2015-08-18,411,214
2015-08-19,354,378
2015-08-20,393,400
2015-08-21,399,427
2015-08-22,204,364
2015-08-23,244,240
2015-08-24,371,210
2015-08-25,405,361
2015-08-26,409,394
2015-08-27,397,355
2015-08-28,398,375
2015-08-29,222,370
2015-08-30,227,237
2015-08-31,353,210
2015-09-01,359,380
2015-09-02,359,398
2015-09-03,397,379
2015-09-04,406,366
2015-09-05,231,355
2015-09-06,239,222
2015-09-07,370,242
2015-09-08,418,359
2015-09-09,389,397
2015-09-10,365,391
2015-09-11,423,386
2015-09-12,240,394
2015-09-13,258,254
2015-09-14,386,220
2015-09-15,434,389
2015-09-16,367,443
2015-09-17,400,242
2015-09-18,371,404
2015-09-19,222,444
2015-09-20,245,242
2015-09-21,377,232
2015-09-22,399,439
2015-09-23,369,438
2015-09-24,389,400
2015-09-25,386,234
2015-09-26,225,372
2015-09-27,240,242
2015-09-28,379,212
2015-09-29,404,417
2015-09-30,343,440
2015-10-01,396,414
2015-10-02,404,390
2015-10-03,253,421
2015-10-04,236,240
2015-10-05,400,211
2015-10-06,381,238
2015-10-07,382,406
2015-10-08,372,397
2015-10-09,372,367
2015-10-10,243,386
2015-10-11,234,191
2015-10-12,381,222
2015-10-13,384,399
2015-10-14,345,398
2015-10-15,379,374
2015-10-16,362,405
2015-10-17,228,374
2015-10-18,222,215
2015-10-19,390,219
2015-10-20,369,411
2015-10-21,350,379
2015-10-22,387,377
2015-10-23,398,384
2015-10-24,234,391
2015-10-25,259,212
2015-10-26,352,234
2015-10-27,410,392
2015-10-28,391,429
2015-10-29,417,425
2015-10-30,417,393
2015-10-31,201,399
2015-11-01,218,223
2015-11-02,320,241
2015-11-03,344,415
2015-11-04,317,448
2015-11-05,342,430
2015-11-06,355,391
2015-11-07,196,397
2015-11-08,227,255
2015-11-09,408,234
2015-11-10,447,385
2015-11-11,224,438
2015-11-12,406,421
2015-11-13,363,402
2015-11-14,208,387
2015-11-15,199,235
2015-11-16,375,239
2015-11-17,361,393
2015-11-18,428,368
2015-11-19,383,425
2015-11-20,373,406
2015-11-21,207,424
2015-11-22,226,219
2015-11-23,359,260
2015-11-24,361,411
2015-11-25,341,422
2015-11-26,348,425
2015-11-27,345,398
2015-11-28,232,389
2015-11-29,214,229
2015-11-30,366,233
2015-12-01,402,411
2015-12-02,362,443
2015-12-03,373,398
2015-12-04,331,403
2015-12-05,196,439
2015-12-06,216,215
2015-12-07,352,237
2015-12-08,409,385
2015-12-09,372,461
2015-12-10,380,387
2015-12-11,361,415
2015-12-12,225,422
2015-12-13,218,274
2015-12-14,382,251
2015-12-15,404,373
2015-12-16,369,413
2015-12-17,389,425
2015-12-18,395,409
2015-12-19,232,405
2015-12-20,183,247
2015-12-21,399,197
2015-12-22,445,387
2015-12-23,401,410
2015-12-24,255,402
2015-12-25,215,420
2015-12-26,211,413
2015-12-27,237,224
2015-12-28,363,229
2015-12-29,379,438
2015-12-30,364,426
2015-12-31,305,419
2016-01-01,230,252
2016-01-02,226,370
2016-01-03,243,256
2016-01-04,399,217
2016-01-05,414,385
2016-01-06,405,428
2016-01-07,413,388
2016-01-08,406,390
2016-01-09,209,408
2016-01-10,219,244
2016-01-11,362,242
2016-01-12,435,427
2016-01-13,351,446
2016-01-14,342,406
2016-01-15,368,409
2016-01-16,185,388
2016-01-17,217,220
2016-01-18,376,219
2016-01-19,399,339
2016-01-20,381,420
2016-01-21,388,368
2016-01-22,387,414
2016-01-23,225,448
2016-01-24,171,238
2016-01-25,388,204
2016-01-26,401,408
2016-01-27,369,425
2016-01-28,391,396
2016-01-29,365,416
2016-01-30,226,357
2016-01-31,209,260
2016-02-01,370,265
2016-02-02,396,416
2016-02-03,354,412
2016-02-04,417,439
2016-02-05,378,373
2016-02-06,201,447
2016-02-07,211,244
2016-02-08,346,238
2016-02-09,336,379
2016-02-10,313,431
2016-02-11,371,377
2016-02-12,352,429
2016-02-13,204,375
2016-02-14,218,225
2016-02-15,394,220
2016-02-16,351,379
2016-02-17,363,403
2016-02-18,378,405
2016-02-19,367,382
2016-02-20,212,410
2016-02-21,212,205
2016-02-22,348,199
2016-02-23,404,345
2016-02-24,362,419
2016-02-25,378,386
2016-02-26,401,379
2016-02-27,221,368
2016-02-28,227,208
2016-02-29,359,210
2016-03-01,383,356
2016-03-02,351,400
2016-03-03,347,360
2016-03-04,401,393
2016-03-05,223,353
2016-03-06,214,201
2016-03-07,377,211
2016-03-08,351,387
2016-03-09,368,403
2016-03-10,405,359
2016-03-11,370,389
2016-03-12,206,407
2016-03-13,203,216
2016-03-14,388,212
2016-03-15,382,317
2016-03-16,379,385
2016-03-17,340,379
2016-03-18,383,412
2016-03-19,203,222
2016-03-20,204,217
2016-03-21,363,228
2016-03-22,339,397
2016-03-23,357,400
2016-03-24,394,414
2016-03-25,440,428
2016-03-26,213,403
2016-03-27,201,220
2016-03-28,218,199
2016-03-29,330,225
2016-03-30,371,366
2016-03-31,363,412
2016-04-01,331,396
2016-04-02,227,391
2016-04-03,224,233
2016-04-04,357,237
2016-04-05,359,350
2016-04-06,340,435
2016-04-07,328,366
2016-04-08,374,346
2016-04-09,235,370
2016-04-10,225,207
2016-04-11,354,234
2016-04-12,422,358
2016-04-13,330,379
2016-04-14,400,341
2016-04-15,379,360
2016-04-16,218,366
2016-04-17,233,253
2016-04-18,369,222
2016-04-19,362,379
2016-04-20,365,359
2016-04-21,378,383
2016-04-22,376,384
2016-04-23,204,367
2016-04-24,223,227
2016-04-25,374,204
2016-04-26,407,361
2016-04-27,353,406
2016-04-28,355,394
2016-04-29,383,331
2016-04-30,217,332
2016-05-01,227,250
2016-05-02,396,206
2016-05-03,441,390
2016-05-04,426,427
2016-05-05,214,430
2016-05-06,310,421
2016-05-07,233,454
2016-05-08,241,203
2016-05-09,394,209
2016-05-10,447,401
2016-05-11,396,319
2016-05-12,415,221
2016-05-13,380,367
2016-05-14,217,432
2016-05-15,233,242
2016-05-16,254,227
2016-05-17,401,377
2016-05-18,383,337
2016-05-19,408,235
2016-05-20,374,403
2016-05-21,223,407
2016-05-22,234,235
2016-05-23,370,221
2016-05-24,409,386
2016-05-25,393,403
2016-05-26,376,360
2016-05-27,368,345
2016-05-28,211,408
2016-05-29,200,232
2016-05-30,370,251
2016-05-31,330,359
2016-06-01,365,436
2016-06-02,356,387
2016-06-03,371,405
2016-06-04,212,381
2016-06-05,242,239
2016-06-06,370,227
2016-06-07,384,407
2016-06-08,349,420
2016-06-09,373,370
2016-06-10,410,385
2016-06-11,227,423
2016-06-12,225,214
2016-06-13,357,237
2016-06-14,404,387
2016-06-15,394,408
2016-06-16,403,405
2016-06-17,379,401
2016-06-18,224,409
2016-06-19,241,231
2016-06-20,395,255
2016-06-21,417,349
2016-06-22,395,401
2016-06-23,402,417
2016-06-24,380,417
2016-06-25,231,397
2016-06-26,249,227
2016-06-27,407,229
2016-06-28,423,358
2016-06-29,384,401
2016-06-30,406,392
2016-07-01,408,392
2016-07-02,243,430
2016-07-03,243,258
2016-07-04,394,234
2016-07-05,416,397
2016-07-06,384,394
2016-07-07,400,351
2016-07-08,415,399
2016-07-09,233,374
2016-07-10,218,219
2016-07-11,373,207
2016-07-12,411,375
2016-07-13,388,396
2016-07-14,438,400
2016-07-15,430,382
2016-07-16,239,400
2016-07-17,262,198
2016-07-18,415,209
2016-07-19,429,332
2016-07-20,463,346
2016-07-21,254,348
2016-07-22,373,355
2016-07-23,246,361
2016-07-24,224,234
2016-07-25,382,206
2016-07-26,410,386
2016-07-27,404,417
2016-07-28,388,408
2016-07-29,394,384
2016-07-30,227,386
2016-07-31,233,243
2016-08-01,371,233
2016-08-02,406,391
2016-08-03,389,374
2016-08-04,396,368
2016-08-05,381,387
2016-08-06,227,387
2016-08-07,233,231
2016-08-08,378,243
2016-08-09,347,399
2016-08-10,405,394
2016-08-11,391,395
2016-08-12,386,387
2016-08-13,214,395
2016-08-14,221,220
2016-08-15,224,202
2016-08-16,381,374
2016-08-17,392,415
2016-08-18,380,381
2016-08-19,410,417
2016-08-20,238,421
2016-08-21,216,222
2016-08-22,375,217
2016-08-23,422,370
2016-08-24,368,363
2016-08-25,362,361
2016-08-26,410,387
2016-08-27,213,358
2016-08-28,255,206
2016-08-29,351,241
2016-08-30,379,370
2016-08-31,360,376
2016-09-01,337,357
2016-09-02,401,362
2016-09-03,230,370
2016-09-04,199,221
2016-09-05,373,217
2016-09-06,395,244
2016-09-07,385,414
2016-09-08,397,383
2016-09-09,437,414
2016-09-10,231,401
2016-09-11,219,233
2016-09-12,392,202
2016-09-13,422,430
2016-09-14,390,379
2016-09-15,374,374
2016-09-16,431,221
2016-09-17,246,374
2016-09-18,230,208
2016-09-19,378,204
2016-09-20,412,416
2016-09-21,393,412
2016-09-22,374,418
2016-09-23,390,384
2016-09-24,239,412
2016-09-25,221,248
2016-09-26,383,230
2016-09-27,383,367
2016-09-28,383,412
2016-09-29,395,390
2016-09-30,391,386
2016-10-01,245,377
2016-10-02,246,222
2016-10-03,377,206
2016-10-04,400,376
2016-10-05,389,379
2016-10-06,383,382
2016-10-07,384,420
2016-10-08,253,414
2016-10-09,189,210
2016-10-10,367,377
2016-10-11,396,400
2016-10-12,351,389
2016-10-13,363,383
2016-10-14,414,384
2016-10-15,233,253
2016-10-16,209,189
2016-10-17,340,367
2016-10-18,404,396
2016-10-19,346,351
2016-10-20,369,363
2016-10-21,405,414
2016-10-22,228,233
2016-10-23,188,209
2016-10-24,365,340
2016-10-25,405,404
2016-10-26,361,346
2016-10-27,409,369
2016-10-28,405,405
2016-10-29,212,228
2016-10-30,214,188
2016-10-31,340,365
2016-11-01,229,405
2016-11-02,357,361
2016-11-03,349,409
2016-11-04,333,405
2016-11-05,236,212
2016-11-06,220,214
2016-11-07,400,340
2016-11-08,375,229
2016-11-09,382,220
2016-11-10,365,208
2016-11-11,220,224
2016-11-12,208,370
2016-11-13,224,406
2016-11-14,370,336
2016-11-15,406,363
2016-11-16,336,365
2016-11-17,363,227
2016-11-18,365,215
2016-11-19,227,356
2016-11-20,215,359
2016-11-21,356,347
2016-11-22,359,336
2016-11-23,347,357
2016-11-24,336,213
2016-11-25,357,241
2016-11-26,213,345
2016-11-27,241,338
2016-11-28,345,324
2016-11-29,338,386
2016-11-30,324,350
2016-12-01,386,200
2016-12-02,350,203
2016-12-03,200,338
2016-12-04,203,359
2016-12-05,338,365
2016-12-06,359,214
2016-12-07,365,340
2016-12-08,362,229
2016-12-09,380,357
2016-12-10,194,349
2016-12-11,191,333
2016-12-12,377,236
2016-12-13,376,220
2016-12-14,343,400
2016-12-15,345,375
2016-12-16,387,382
2016-12-17,219,365
2016-12-18,226,220
2016-12-19,434,208
2016-12-20,424,224
2016-12-21,402,370
2016-12-22,395,406
2016-12-23,383,336
2016-12-24,213,363
2016-12-25,217,365
2016-12-26,310,227
2016-12-27,385,215
2016-12-28,336,356
2016-12-29,306,359
2016-12-30,338,347
2016-12-31,220,336